age,fl 
1,31.30081301
1,30.51515152
1,24.48695652
1,39.78125
1,35.10638298
1,25.45454545
1,27.77952756
1,30.76363636
1,28.23214286
1,30.33636364
1,39.86324786
1,38.46846847
1,29.77070064
1,27.31034483
1,35.27559055
1,32.21568627
1,26
1,36.6
1,34.344
1,30.97169811
1,28.73684211
1,27.13138686
1,26.27329193
1,35.82407407
1,25.10493827
1,28.99159664
1,16.33333333
1,27.42857143
1,23.17557252
1,26.92307692
1,25.625
1,25.6640625
1,30
1,46.02816901
1,32.48387097
1,17.96376812
1,35.55555556
1,26.92105263
1,29.46610169
1,20.94890511
1,35.59322034
1,42.29508197
1,30.42622951
1,21.77300613
1,25.28244275
1,26.62337662
1,38.97142857
1,22.88983051
1,33.48453608
1,18.21875
1,39.84615385
1,25.00719424
1,21.9826087
1,34.52212389
1,22.82926829
1,18.57692308
1,41.35813953
1,37.87755102
1,33.79591837
1,27.4295302
1,38.76146789
1,18.05128205
1,36
1,28.99408284
1,38.35
1,35.6442953
1,40.90909091
1,28.83732057
1,29.46405229
1,26.8
1,36.05442177
1,52.88888889
1,25.5
1,40.21111111
1,22.21518987
1,50.81904762
1,23.85875706
1,23.56284153
1,36.1192053
1,32.13636364
1,44.87179487
1,36.81621622
1,39.33333333
1,21.32110092
1,36.96703297
1,38.13380282
1,23.15238095
1,32.26865672
1,29.56989247
1,37.60687023
1,34.69090909
1,45.1835443
1,37.39473684
1,34.89655172
1,30.2392638
1,31.48883375
1,32.05960265
1,35.08108108
1,27.32797858
1,26.47894737
1,38.24675325
1,30.5
1,36.78142077
1,35.4375
1,39.9244186
1,34.18604651
1,33.36170213
1,27.0718232
1,24
1,29.13294798
1,36.4380531
1,40.3862069
1,38.11881188
1,25.73809524
1,51.57575758
1,35.27686703
1,35.27272727
1,31.46666667
1,26.22222222
1,44.43333333
1,38.40909091
1,41.26415094
1,26.13364055
1,42.46078431
1,32.27272727
1,28.45226131
1,28.85207101
1,39.72413793
1,34.22777778
1,17.66442953
1,24.29906542
1,37.45833333
1,22.59210526
1,31.44360902
1,37.00909091
1,29.27884615
1,29.58712121
1,36.04477612
1,24.72254335
1,32.79545455
1,26.15584416
1,44.67625899
1,31.21875
1,34.78125
1,32.52459016
1,40.87591241
1,34.80241327
1,25.15254237
1,24.32307692
1,45.00740741
1,20.37438424
1,40.39285714
1,37.5
1,26.85405405
1,27.71523179
1,31.05232558
1,30.92178771
1,29.38
1,35.82089552
1,16.03671706
1,37.94680851
1,42.96774194
1,41.93370166
1,33.2326284
1,34.66666667
1,29.29230769
1,30.03846154
1,25.56
1,33.1958042
1,29.25
1,28.21276596
1,21.69980507
1,30.77419355
1,27.56097561
1,27.68125
1,45.5989011
1,35.75862069
1,41.07533235
1,40.21764706
1,32.1
1,38.12849162
1,43.4296875
1,28.50877193
1,41.85365854
1,39.9266055
1,27.96992481
1,30.85714286
1,16.47398844
1,31.08695652
1,39.73394495
1,36.48051948
1,41.25
1,21.52355072
1,32.05084746
1,31.65405405
1,53.33333333
1,45.375
1,26.64
1,22.4691358
1,44.70588235
1,34.24761905
1,45.40096618
1,29.66666667
1,30.35856574
1,31.2
1,41.53333333
1,33.40206186
1,25.2
1,30.67005076
1,29.98518519
1,31.43712575
1,30.6375
1,31.29139073
1,35.13157895
1,19.28888889
1,32.86956522
1,20.00649351
1,25.53191489
1,22.60509554
1,29.16201117
1,35.52631579
1,42.36111111
1,23.68103448
1,41.09589041
1,27.84
1,30.25139665
1,23.82733813
1,37.224
1,31.73076923
1,17.37804878
1,27.68831169
1,33.60544218
1,28.97637795
1,25.4245283
1,23.29166667
1,26.08064516
1,21.92753623
1,32.49655172
1,25.872
1,26.5
1,43.01762115
1,28.95683453
1,28.78145695
1,25.18421053
1,21.9895288
1,31.40789474
1,28.62561576
1,17.10059172
1,30.51612903
1,28.25179856
1,32.80952381
1,36
1,45.58974359
1,47.63451777
1,24.00641026
1,32.3559322
1,27.17557252
1,25.33333333
1,27.65363128
1,19.23664122
1,32.12598425
1,18.76363636
1,30.1640625
1,31.89349112
1,31.36296296
1,38.84892086
1,26.4
1,27.10638298
1,28.16546763
1,27.84210526
1,33.33816425
1,22.8974359
1,38.47407407
1,27.5
1,25.04347826
1,24.00641026
1,25.25179856
1,24.77083333
1,22.20359281
1,21.51955307
1,42.3442623
1,33.62264151
1,45.90862944
1,27.50632911
1,29.74396135
1,31.59562842
1,44.0591716
1,32.92405063
1,18.46153846
1,28.27586207
1,26.41346154
1,35.06382979
1,27.89552239
1,32.74468085
1,19.712
1,24.83870968
1,35.38
1,38.58741259
1,25.74814815
1,24.41025641
1,29.8952381
1,33.25581395
1,29.42307692
1,24.10606061
1,21.9375
1,17.671875
1,32.12582781
1,34.39534884
1,31.39230769
1,25.52884615
1,23.20634921
1,34.82857143
1,22
1,19.4965035
1,21.16551724
1,20.16666667
1,18.02325581
1,25.75757576
1,18.84076433
1,21.18103448
1,15.86666667
1,24.02173913
1,15.21126761
1,29.41726619
1,13.6119403
1,22.17857143
1,23.52328767
1,19.64661654
1,34.68656716
1,29.80487805
1,28.17241379
1,24.17197452
1,37
1,27.27272727
1,34.93181818
1,21.33333333
1,28
1,36
1,25.88349515
1,27.5047619
1,23.88489209
1,34.22330097
1,23.1292517
1,29.87704918
1,35.78947368
1,12.01265823
1,20.70422535
1,29.19847328
1,31.18421053
1,27.74311927
1,31.84955752
1,30.45714286
1,28.85526316
1,24.84507042
1,31.15044248
1,29.4887218
1,31.98130841
1,36.26415094
1,30
1,38.28461538
1,34
1,36.33027523
1,30.62068966
1,20.95575221
1,33.33333333
1,25.66956522
1,16.99750623
1,34.89230769
1,20.625
1,33.53174603
1,30.62937063
1,34.05309735
2,42.98644986
2,36.27272727
2,37.49565217
2,50.94791667
2,44.46808511
2,41.29292929
2,42.66141732
2,45.81818182
2,41.89285714
2,40.66363636
2,46.63247863
2,44.14414414
2,43.35031847
2,34.13793103
2,54.01574803
2,44.37254902
2,42
2,48
2,44.064
2,45.50943396
2,40.52631579
2,47.82481752
2,40.28571429
2,54.07407407
2,31.7654321
2,46.38655462
2,29.33333333
2,42.12244898
2,46.35114504
2,34.7008547
2,36.25
2,33.6484375
2,45.27272727
2,58.14084507
2,42.90322581
2,33.01449275
2,41.66666667
2,40.99342105
2,40.83898305
2,36.51094891
2,51.01694915
2,52.86885246
2,47.21311475
2,38.52147239
2,35.72519084
2,50.58441558
2,49.00952381
2,36.5
2,46.04123711
2,33
2,56.53846154
2,44.89928058
2,29.53913043
2,47.00884956
2,28.53658537
2,34.5
2,50.06511628
2,50.93877551
2,48.19047619
2,50.36241611
2,50.09174312
2,36.1025641
2,48
2,43.19526627
2,53.95
2,52.32885906
2,55.63636364
2,45.24880383
2,42.91503268
2,46.02608696
2,42.17687075
2,59.5
2,44.92857143
2,49.62222222
2,38.50632911
2,62.20952381
2,48.29943503
2,27.89071038
2,54.84768212
2,50.5
2,58.97435897
2,54.0972973
2,59.33333333
2,32.74311927
2,50.98901099
2,54.85915493
2,53.11428571
2,40.68656716
2,38.30645161
2,48.64122137
2,57.6
2,53.60759494
2,49
2,50.75862069
2,35.37423313
2,50.0248139
2,44.33774834
2,52.62162162
2,48.40294511
2,39.41052632
2,56.75324675
2,47.22580645
2,58.29508197
2,46.6875
2,50.06395349
2,57.90697674
2,51.43262411
2,41.43646409
2,33
2,43.69942197
2,48.5840708
2,56.93793103
2,51.28712871
2,43.64285714
2,61.33333333
2,55.71766849
2,52.36363636
2,50.77575758
2,46.66666667
2,60.96666667
2,58.57386364
2,64.95283019
2,40.92626728
2,61
2,45.45454545
2,49.41708543
2,51.17159763
2,55.44827586
2,46.57222222
2,28.38926174
2,50
2,50.375
2,37.875
2,37.57894737
2,46.66363636
2,46.94711538
2,43.77272727
2,56.06965174
2,39.97687861
2,49.95
2,44.74025974
2,53.41726619
2,49.25625
2,47.25
2,44.06557377
2,48.90510949
2,62.3438914
2,39.52542373
2,38.63076923
2,65.21481481
2,56.95566502
2,56.41071429
2,51.875
2,49.03783784
2,47.42384106
2,50.69767442
2,50.16201117
2,48.96666667
2,51.49253731
2,38.70194384
2,50.37765957
2,58.18548387
2,52.26519337
2,54.07854985
2,40
2,51.26153846
2,43.69230769
2,49.7
2,45.90909091
2,46.6875
2,47.74468085
2,41.98440546
2,51.29032258
2,52.36585366
2,45.70625
2,61.66483516
2,49.24137931
2,62.91285081
2,48.56470588
2,44.80625
2,56.31284916
2,60.4609375
2,45.61403509
2,53.65853659
2,44.29357798
2,38.79699248
2,45.71428571
2,27.74566474
2,53.69565217
2,51.4587156
2,48.18181818
2,54.75
2,33.76630435
2,43.94067797
2,44.62702703
2,61.33333333
2,58.4375
2,51.06
2,43.01234568
2,71.52941176
2,44.19047619
2,58.28502415
2,46.35416667
2,45.03187251
2,47.4
2,50.1037037
2,49.54639175
2,51.6
2,40.50761421
2,39.76296296
2,41.31736527
2,40.6125
2,42.21854305
2,39.23026316
2,32.35555556
2,45.28695652
2,40.52597403
2,34.46808511
2,40.57324841
2,43.41899441
2,45.78947368
2,54.16666667
2,31.76724138
2,52.60273973
2,41.064
2,46.70391061
2,45.66906475
2,58.97021277
2,52.272
2,47.88461538
2,28.96341463
2,55.37662338
2,43.29931973
2,39.11811024
2,32.16981132
2,40.61111111
2,40.98387097
2,41.53333333
2,47.88965517
2,35.904
2,40.44736842
2,53.53303965
2,47.98561151
2,42.82119205
2,42.35526316
2,29.84293194
2,43.56578947
2,44.77339901
2,26.15384615
2,45.77419355
2,34.34532374
2,54.47619048
2,56.8
2,65.94230769
2,61.44162437
2,45.26923077
2,48.53389831
2,38.72519084
2,34
2,43.69273743
2,31.60305344
2,44.17322835
2,27.1030303
2,59.5546875
2,48.81656805
2,42.71851852
2,54.38848921
2,37.06153846
2,48.12765957
2,33.17266187
2,47.81578947
2,48.76328502
2,34.94871795
2,63.88148148
2,44.23913043
2,32.08695652
2,51.44230769
2,46.57553957
2,30.8125
2,30.22155689
2,35.86592179
2,53.09836066
2,59.60377358
2,53.76142132
2,36.89873418
2,43.03381643
2,38.04371585
2,62.20118343
2,41.3164557
2,23.65384615
2,39.31034483
2,38.00961538
2,48.94326241
2,38.52238806
2,41.36170213
2,27.104
2,36.07526882
2,47.56
2,46.67832168
2,33.94074074
2,30.8034188
2,52.14285714
2,42.20930233
2,40.96153846
2,34.75757576
2,32.296875
2,29.859375
2,43.85430464
2,50.58139535
2,43.23846154
2,43.68269231
2,38.9047619
2,46.65714286
2,31.33333333
2,43.27272727
2,33.45517241
2,29.33333333
2,28.48837209
2,41.21212121
2,24.93630573
2,31.5
2,35.13333333
2,31.41304348
2,20.28169014
2,40.05755396
2,20.41791045
2,28.58571429
2,35.50684932
2,27.20300752
2,45.8358209
2,44.3902439
2,46.51724138
2,46.36624204
2,47.5
2,36
2,45.03787879
2,43.33333333
2,33.72727273
2,48.21428571
2,37.32038835
2,45.6
2,43.58992806
2,49.51456311
2,46.2585034
2,51.12295082
2,53.68421053
2,35.87341772
2,42.5915493
2,39.50381679
2,42.96491228
2,40.8440367
2,45.88495575
2,42.75714286
2,39.03947368
2,42.5915493
2,46.72566372
2,41.17293233
2,40.65420561
2,46.20754717
2,41.66666667
2,44.36153846
2,46.42307692
2,47.88990826
2,42.74137931
2,32.08849558
2,55.33333333
2,44.92173913
2,29.21446384
2,50.4
2,30
2,53.65079365
2,45.43356643
2,50.42477876
3,56.75880759
3,40.87878788
3,47.44347826
3,61.41666667
3,50.31914894
3,47.51515152
3,53.57480315
3,53.01818182
3,55.55357143
3,48.40909091
3,51.8974359
3,52.34234234
3,53.79617834
3,40.96551724
3,61.18110236
3,53.49019608
3,49
3,57.6
3,49.248
3,49.93396226
3,52.31578947
3,56.10218978
3,53.71428571
3,62.86111111
3,37.40123457
3,51.02521008
3,41.66666667
3,48.97959184
3,52.67175573
3,46.06837607
3,44.375
3,42.7734375
3,56.18181818
3,64.1971831
3,53.32258065
3,39.32608696
3,46.11111111
3,53.23026316
3,49.11016949
3,49.67883212
3,61.69491525
3,58.50819672
3,56.13114754
3,51.9202454
3,41.77099237
3,60.16883117
3,56.0952381
3,46.39830508
3,53.21649485
3,43.3125
3,68.38461538
3,53.42446043
3,35.03478261
3,55.08849558
3,36.7804878
3,44.05384615
3,60.22325581
3,56.81632653
3,57.57823129
3,54.8590604
3,57.8440367
3,51.33333333
3,59.2
3,51.47928994
3,64.35
3,57.63758389
3,66.27272727
3,63.30143541
3,53.16339869
3,51.26956522
3,53.7414966
3,71.77777778
3,55.85714286
3,57.32222222
3,53.3164557
3,71.84761905
3,54.11864407
3,34.62295082
3,64.21192053
3,54.32575758
3,69.23076923
3,61.61081081
3,64.66666667
3,51.77981651
3,61.82417582
3,61.54929577
3,64.00952381
3,47.70149254
3,53.76344086
3,65.53053435
3,64.14545455
3,60.5
3,57.38157895
3,55.51724138
3,39.36809816
3,56.72456576
3,53.20529801
3,62.98648649
3,58.59303882
3,49.26315789
3,62.92207792
3,52.14516129
3,72.17486339
3,52.875
3,63.37209302
3,68.37209302
3,61.16312057
3,53.03867403
3,44
3,60.34682081
3,56.68141593
3,63.55862069
3,60.2970297
3,52.03571429
3,69.6969697
3,62.64116576
3,69.27272727
3,63.64848485
3,60.44444444
3,73.36666667
3,71.05681818
3,76.41509434
3,51.77419355
3,71.16666667
3,52.27272727
3,65.88944724
3,64.23668639
3,63.72413793
3,53.86666667
3,44.79194631
3,58.41121495
3,54.89583333
3,50.5
3,47.54887218
3,60.34090909
3,55.52884615
3,53.09469697
3,68.65671642
3,52.60115607
3,61.05
3,58.50649351
3,63.1294964
3,59.6625
3,54.46875
3,51.93442623
3,59.8540146
3,67.60180995
3,45.81355932
3,49.36153846
3,73.48148148
3,68.06896552
3,66.85714286
3,60.625
3,59.54594595
3,64.05298013
3,60.8372093
3,61.84357542
3,54.99333333
3,67.1641791
3,54.73866091
3,57.57446809
3,65.34677419
3,61.38121547
3,68.58006042
3,44
3,59.63076923
3,57.34615385
3,59.64
3,56.5034965
3,56.25
3,59.31914894
3,54.24951267
3,64.96774194
3,63.3902439
3,59.225
3,68.75274725
3,56.86206897
3,75.13146233
3,59.94705882
3,59.51875
3,66.2849162
3,69.828125
3,53.59649123
3,60.63414634
3,49.90825688
3,46.91729323
3,56.57142857
3,37.71676301
3,61.30434783
3,66.44036697
3,54.37662338
3,59.25
3,51.14311594
3,50.66101695
3,55.00540541
3,71.11111111
3,66
3,60.495
3,57.77777778
3,84.59728507
3,53.02857143
3,69.32850242
3,54.80092593
3,52.62151394
3,59.4
3,61.31111111
3,57.89690722
3,60.6
3,46.29441624
3,49.54074074
3,48.95209581
3,49.875
3,49.66887417
3,43.91447368
3,36.71111111
3,54.7826087
3,48.22077922
3,42.12765957
3,48.68789809
3,57.02793296
3,54.47368421
3,61.11111111
3,43.89655172
3,61.91780822
3,46.632
3,62.62569832
3,52.28776978
3,69.75744681
3,59.4
3,57.69230769
3,48.65853659
3,64.83116883
3,49.76190476
3,49.98425197
3,42.54716981
3,53.15277778
3,53.75806452
3,54.94782609
3,60.71724138
3,42.24
3,46.02631579
3,60.2246696
3,60.39568345
3,51.24503311
3,50.36842105
3,35.07853403
3,57.24342105
3,53.58128079
3,34.20118343
3,56.17741935
3,39.33093525
3,60.66666667
3,67.2
3,75.71153846
3,71.10659898
3,51.44230769
3,53.45762712
3,48.23664122
3,38.66666667
3,56.96648045
3,48.77862595
3,51.53543307
3,34.4
3,77.34375
3,58.57988166
3,56.23703704
3,64.74820144
3,50.76923077
3,55.31914894
3,38.8057554
3,55.07894737
3,54.73429952
3,54.83333333
3,71.86666667
3,52.01086957
3,52.43478261
3,60.35897436
3,53.30935252
3,41.6875
3,46.8742515
3,44.23463687
3,63.85245902
3,66.22641509
3,63.42639594
3,48.97468354
3,53.79227053
3,42.55737705
3,71.70414201
3,49.06329114
3,43.26923077
3,44.82758621
3,45.09615385
3,56.24822695
3,47.15671642
3,48.25531915
3,43.12
3,47.31182796
3,58
3,56.01398601
3,43.88888889
3,49.98290598
3,61.18095238
3,50.52325581
3,52.5
3,43.72727273
3,48.140625
3,42.046875
3,51.50331126
3,55.97674419
3,53.30769231
3,56.73076923
3,47.77777778
3,52.57142857
3,40.66666667
3,49.45454545
3,47.79310345
3,47.05555556
3,36.04651163
3,50.87121212
3,35.46496815
3,42.90517241
3,47.22222222
3,40.65217391
3,40
3,48.1942446
3,33.46268657
3,47.31428571
3,47.26849315
3,48.36090226
3,50.79104478
3,53.90243902
3,53.06896552
3,57.13375796
3,57.5
3,40.90909091
3,48.77272727
3,50
3,38.81818182
3,55.92857143
3,49.3592233
3,51.39047619
3,53.74100719
3,58.98058252
3,52.61904762
3,59.75409836
3,63.68421053
3,45.91139241
3,56.1971831
3,48.66412214
3,51.97368421
3,50.09174312
3,51.82300885
3,49.78571429
3,52.05263158
3,50.87323944
3,53.80530973
3,48.96240602
3,47.1588785
3,52.64150943
3,55.55555556
3,49.83076923
3,54.92307692
3,51.74311927
3,47.84482759
3,43.22123894
3,62
3,57.04347826
3,43.73316708
3,57.50769231
3,43.125
3,60.87301587
3,53.09090909
3,57.62831858
4,61.55826558
4,51.81818182
4,57.39130435
4,58.90909091
4,63.75
4,56.15454545
4,59.41880342
4,59.27927928
4,60.06369427
4,50.06896552
4,65.59055118
4,57.74509804
4,59
4,52.488
4,58.78301887
4,64.84210526
4,67.72670807
4,67.59259259
4,44.0617284
4,54.50420168
4,45.33333333
4,55.83673469
4,56.18320611
4,55.04273504
4,49.375
4,47.90625
4,67.22535211
4,63.74193548
4,48.55072464
4,60.57236842
4,59.25547445
4,68.37704918
4,58.06134969
4,51.11450382
4,64.96103896
4,53.8220339
4,49.84375
4,74.30769231
4,56.83453237
4,49.46086957
4,61.69911504
4,45.65853659
4,47.76923077
4,65.30232558
4,68.21768707
4,61.15436242
4,62.05128205
4,72.8
4,62.13017751
4,72.15
4,63.70469799
4,71.18181818
4,71.27272727
4,64.05228758
4,58.26086957
4,62.58503401
4,84.05555556
4,61.92857143
4,64.16666667
4,61.46202532
4,77.98095238
4,58.1920904
4,46.64480874
4,70.23178808
4,58.15151515
4,76.28205128
4,72.12972973
4,71.33333333
4,63.20183486
4,69.47252747
4,66.90140845
4,71.5
4,55.41791045
4,61.82795699
4,80.84351145
4,70.03636364
4,66.62658228
4,66.40789474
4,62.91954023
4,43.36196319
4,70.34739454
4,62.07284768
4,71.75675676
4,66.00401606
4,54.18947368
4,70.32467532
4,57.55645161
4,77.03278689
4,59.0625
4,69.0755814
4,77.44186047
4,68.80851064
4,65.19337017
4,56
4,68.67052023
4,64.77876106
4,71.50344828
4,65.84158416
4,59.86904762
4,80.15151515
4,72.20218579
4,78.90909091
4,77.95151515
4,74.88888889
4,77.5
4,82.57954545
4,88.64150943
4,64.10138249
4,77.14705882
4,59.54545455
4,72.6281407
4,70.22485207
4,68.68965517
4,59.47777778
4,52.36241611
4,65.65420561
4,59.41666667
4,56.48026316
4,59.05263158
4,66.77727273
4,67.13942308
4,56.74242424
4,75.52238806
4,66.27745665
4,68.11363636
4,65.38961039
4,75.43165468
4,65.90625
4,59.27868852
4,68.61313869
4,73.11010558
4,56.51538462
4,79.91111111
4,73.62561576
4,73.82142857
4,65.625
4,68.88648649
4,68.36423841
4,69.0755814
4,68.7150838
4,66.29333333
4,76.86567164
4,70.34773218
4,66.07978723
4,73.40322581
4,65.02762431
4,72.50755287
4,50
4,62.76923077
4,62.26153846
4,62.48
4,62.86013986
4,61.3125
4,64.38297872
4,59.43859649
4,71.80645161
4,69.59146341
4,66.95
4,72.76923077
4,63.31034483
4,80.85081241
4,66.77647059
4,68.88125
4,73.91061453
4,76.640625
4,58.15789474
4,63.31707317
4,56.14678899
4,52.33082707
4,64.57142857
4,45.95375723
4,67.39130435
4,74.90825688
4,64.7012987
4,64.5
4,54.89492754
4,55.83050847
4,61.75135135
4,78.22222222
4,70.8125
4,68.82
4,69.97530864
4,88.7239819
4,81.59903382
4,63.04166667
4,57.6812749
4,65.26666667
4,66.80412371
4,67.2
4,54.39593909
4,58.66666667
4,58.38323353
4,54.8625
4,62.08609272
4,55.03947368
4,45.42222222
4,66.46956522
4,53.86363636
4,48.5106383
4,55.06369427
4,68.69273743
4,63.94736842
4,67.36111111
4,51.98275862
4,70.1369863
4,57.768
4,76.42458101
4,59.56834532
4,82.70212766
4,62.568
4,66.34615385
4,57.34756098
4,70.90909091
4,54.93197279
4,57.22834646
4,49.81132075
4,59.125
4,67.06451613
4,63.20289855
4,71.83448276
4,50.688
4,57.88157895
4,66.91629956
4,67.84172662
4,58.26490066
4,58.38157895
4,39.26701571
4,61.80263158
4,63.12315271
4,44.76331361
4,69.35483871
4,45.42446043
4,65
4,74.4
4,81.41025641
4,82.84263959
4,55.55769231
4,58.38135593
4,52.3129771
4,49.33333333
4,66.92178771
4,57.02290076
4,56.22047244
4,43.78181818
4,85.8515625
4,64.43786982
4,59.48148148
4,71.65467626
4,56.86153846
4,58.63829787
4,50.07194245
4,58.10526316
4,59.71014493
4,62.66666667
4,82.02962963
4,57.98913043
4,68.86956522
4,68.58974359
4,60.04316547
4,53.77083333
4,54.2754491
4,52.60335196
4,68.55737705
4,71.83018868
4,71.27918782
4,61.72151899
4,63.28502415
4,49.65027322
4,83.79881657
4,56.16455696
4,51.34615385
4,60.68965517
4,50.89423077
4,64.28368794
4,55.12686567
4,58.0212766
4,53.592
4,52.6344086
4,63.22
4,70.95104895
4,50.32592593
4,61.60683761
4,66.74285714
4,55.38461538
4,51.01515152
4,60.328125
4,51.1875
4,57.62251656
4,61.37209302
4,60.41538462
4,55.28571429
4,63.74285714
4,50
4,54.68531469
4,55.9862069
4,53.77777778
4,41.27906977
4,58.59848485
4,42.11464968
4,47.79310345
4,53.26666667
4,48.04347826
4,49.01408451
4,57.58273381
4,43.10447761
4,55.69285714
4,49.48767123
4,52.89473684
4,56.98507463
4,60.87804878
4,58.96551724
4,61.96815287
4,62.5
4,48.54545455
4,54.92424242
4,53.33333333
4,43.90909091
4,61.71428571
4,57.78640777
4,57.9047619
4,60.90647482
4,65.53398058
4,58.40136054
4,67.05737705
4,68.94736842
4,55.12658228
4,65.07042254
4,57.82442748
4,56.13157895
4,56.25688073
4,56.68141593
4,56.22857143
4,60.53947368
4,58.56338028
4,58.76106195
4,55.63909774
4,51.4953271
4,56.73584906
4,60.16153846
4,62.11538462
4,56.69724771
4,54.22413793
4,49.7699115
4,67.33333333
4,64.17391304
4,55.41895262
4,65.26153846
4,51.25
4,60.23776224
4,60.24778761
5,67.40108401
5,56.42424242
5,63.51304348
5,62.83636364
5,71.94642857
5,61.96363636
5,71.45299145
5,64.32432432
5,65.8089172
5,56.13793103
5,63
5,57.024
5,70.73684211
5,76.48447205
5,51.2345679
5,61.46218487
5,49.33333333
5,60.73469388
5,61.09923664
5,63.41880342
5,54.375
5,53.609375
5,69.64788732
5,68.03225806
5,61.17391304
5,70.97368421
5,65.24087591
5,73.31147541
5,65.87730061
5,58.25954198
5,69.22077922
5,57.53389831
5,59.8125
5,79.15384615
5,61.94964029
5,54.95652174
5,67.57522124
5,51.36585366
5,53.07692308
5,72.55813953
5,75.10204082
5,67.44966443
5,68.82051282
5,84.8
5,73.37278107
5,79.95
5,67.4966443
5,76.90909091
5,76.43062201
5,73.01960784
5,66.66666667
5,92.55555556
5,66.78571429
5,71.86666667
5,71.33544304
5,81.48571429
5,66.33898305
5,54.81967213
5,77.58940397
5,67.33333333
5,82.69230769
5,84.9027027
5,80
5,70.05504587
5,80.30769231
5,79.61267606
5,73.54285714
5,62.43283582
5,68.5483871
5,87.82442748
5,76.58181818
5,72.75316456
5,70.92105263
5,70.32183908
5,49.63803681
5,77.0471464
5,66.16556291
5,77.33783784
5,77.35207497
5,56.65263158
5,81.42857143
5,83.9726776
5,63.5625
5,74.77906977
5,86.51162791
5,75.06382979
5,72.37569061
5,74.9132948
5,76.92477876
5,76.8
5,72.07920792
5,66.58333333
5,85.72727273
5,76.15846995
5,85.09090909
5,87.96363636
5,86.44444444
5,82.66666667
5,87.38068182
5,96.28301887
5,74.4562212
5,83.12745098
5,65.90909091
5,78.61809045
5,73.49112426
5,76.13793103
5,65.65
5,57.40939597
5,77.3364486
5,61.13157895
5,67.4887218
5,73.21363636
5,74.71153846
5,61.60606061
5,82.960199
5,72.06358382
5,75.68181818
5,75.71428571
5,82.23021583
5,75.61875
5,72.99270073
5,79.6199095
5,67.24615385
5,84.5037037
5,80.80295567
5,79.39285714
5,70.625
5,75.89189189
5,74.52317881
5,76.04651163
5,76.96089385
5,70.06
5,81.34328358
5,78.90064795
5,70.65957447
5,81.45967742
5,72.32044199
5,77.34138973
5,58
5,67.17692308
5,67.68666667
5,69.92307692
5,65.8125
5,73.78723404
5,68.6374269
5,77.27741935
5,75.10365854
5,72.74375
5,78.43956044
5,84.75036928
5,72.84705882
5,80.25
5,80.36312849
5,81.75
5,61.76146789
5,56.84210526
5,51.15606936
5,73.69565217
5,85.33027523
5,73.64935065
5,69
5,61.41123188
5,67.45945946
5,82.66666667
5,78.375
5,74.37
5,76.39506173
5,96.28959276
5,85.28019324
5,70.45833333
5,65.27091633
5,70.54074074
5,75.71134021
5,73.2
5,63.07614213
5,62.57777778
5,68.26347305
5,66.2625
5,67.54966887
5,60.30921053
5,51.64444444
5,75.23478261
5,57.96753247
5,54.89361702
5,60.28025478
5,79.06145251
5,69.47368421
5,70.13888889
5,60.64655172
5,77.80821918
5,64.032
5,87.03910615
5,64.86330935
5,90.61276596
5,68.112
5,72.11538462
5,64.87804878
5,76.31168831
5,59.45578231
5,68.81889764
5,61.22641509
5,67.48611111
5,74.51612903
5,68.10434783
5,76.11034483
5,57.552
5,62.76315789
5,74.56387665
5,72.8057554
5,70.1986755
5,64.67763158
5,45.02617801
5,67.375
5,68.26108374
5,53.81656805
5,78.37096774
5,53.73381295
5,67.47619048
5,84
5,87.10897436
5,89.05583756
5,63.1025641
5,64.71186441
5,58.42748092
5,58.66666667
5,73.55865922
5,65.95419847
5,61.57480315
5,47.95151515
5,99
5,72.24852071
5,63.80740741
5,75.97122302
5,63.06382979
5,55.07913669
5,63.55263158
5,71.65217391
5,68.08974359
5,89.28888889
5,67.55434783
5,76.69565217
5,76.82051282
5,66.77697842
5,58
5,62.91017964
5,60.97206704
5,76.62295082
5,75.39622642
5,79.73604061
5,69.10126582
5,71.51207729
5,54.80874317
5,90.71005917
5,63.26582278
5,58.84615385
5,66.20689655
5,58.625
5,76.70212766
5,64.42537313
5,63.19148936
5,57.904
5,69.6
5,76.55244755
5,58.51851852
5,73.6952381
5,60.57692308
5,58.86363636
5,65.8125
5,58.5
5,63.23178808
5,66.76744186
5,66.33846154
5,60.06349206
5,56.66666667
5,61.34265734
5,66.91034483
5,60.5
5,53.48837209
5,67.61363636
5,50.98089172
5,57.02586207
5,60.82222222
5,59.13043478
5,57.46478873
5,63.84172662
5,49.91044776
5,63.57857143
5,61.69315068
5,58.93984962
5,67.51492537
5,69.12195122
5,64.20689655
5,66.80254777
5,57.81818182
5,68.32575758
5,63.33333333
5,54.09090909
5,65.57142857
5,63.6952381
5,68.07194245
5,69.90291262
5,63.02721088
5,72.36885246
5,73.68421053
5,62.03797468
5,69.8028169
5,65.26717557
5,60.98245614
5,62.42201835
5,63.84285714
5,67.89473684
5,66.25352113
5,67.96460177
5,60.64661654
5,68.06153846
5,68.65384615
5,61.24137931
5,59.59292035
5,75.33333333
5,69.87826087
5,65.51122195
5,72.36923077
5,66.87412587
5,65.48672566
6,70.11382114
6,61.03030303
6,69.63478261
6,66.76363636
6,86.51785714
6,67.77272727
6,75.21367521
6,72.59872611
6,62.20689655
6,67.5
6,65.448
6,77.36842105
6,82.9068323
6,55.84567901
6,65.5210084
6,59
6,64.16326531
6,76.54961832
6,64.375
6,57.6015625
6,73.28169014
6,73.5483871
6,78.92763158
6,72.42335766
6,79.6557377
6,74.25153374
6,65.95419847
6,73.48051948
6,63.72033898
6,68.0625
6,83.46153846
6,67.0647482
6,59.76521739
6,58.97560976
6,59.97692308
6,79.08837209
6,79.4829932
6,74.19463087
6,75.02564103
6,97.6
6,81.65680473
6,87.75
6,72.80536913
6,84.27272727
6,82.05741627
6,78.78431373
6,70.74829932
6,100.1111111
6,73.46428571
6,77.85555556
6,76.51898734
6,87.61904762
6,77.39548023
6,65.87978142
6,84.2781457
6,76.51515152
6,87.82051282
6,91.66486486
6,86
6,79.95412844
6,88.59340659
6,84.29577465
6,78.30952381
6,67.34328358
6,73.92473118
6,91.65267176
6,86.4
6,83.47468354
6,81.23684211
6,78.25287356
6,53.63190184
6,81.06699752
6,71.62251656
6,89.2972973
6,89.16331995
6,64.65789474
6,86.36363636
6,88.13661202
6,70.3125
6,83.65116279
6,93.48837209
6,81.31914894
6,80.11049724
6,79.76878613
6,83.40265487
6,80.77241379
6,84.55445545
6,72.17857143
6,90.60606061
6,83.08196721
6,89.63636364
6,100.1212121
6,98.66666667
6,87.83333333
6,96.02272727
6,103.1603774
6,84.81105991
6,87.31372549
6,70.45454545
6,84.6080402
6,77.30177515
6,82.75862069
6,72.94444444
6,63.71812081
6,83.17757009
6,69.76973684
6,73.62406015
6,80.45454545
6,82.28365385
6,67.28030303
6,86.96517413
6,76.79768786
6,84.76363636
6,83.28571429
6,91.29496403
6,81.16875
6,79.5620438
6,85.62895928
6,73.68461538
6,91.85185185
6,84.50738916
6,88.44642857
6,80.625
6,83.48108108
6,78.83443709
6,84.28488372
6,86.58100559
6,77.59333333
6,86.56716418
6,86.81209503
6,73.93085106
6,84.14516129
6,79.00552486
6,89.72809668
6,71.33333333
6,74.16083916
6,72
6,78.85106383
6,74.53411306
6,83.43225806
6,83.37195122
6,78.5375
6,99.93956044
6,95.40915805
6,78.91764706
6,88.94375
6,86.22905028
6,86.859375
6,64.06015038
6,55.92485549
6,79.34782609
6,90.5412844
6,81.22077922
6,72.75
6,80.76268116
6,74.20540541
6,88
6,85.9375
6,83.805
6,83.45679012
6,102.479638
6,89.57487923
6,78.28703704
6,72.35458167
6,75.15555556
6,84.6185567
6,72.91370558
6,70.4
6,73.3875
6,67.33552632
6,57.24444444
6,62.07142857
6,59.36170213
6,63.17834395
6,87.48603352
6,67.512
6,72.14388489
6,98.52340426
6,77.616
6,72.98780488
6,82.38961039
6,67.85714286
6,75.33858268
6,66.41509434
6,71.06944444
6,85.16129032
6,76.10144928
6,85.51724138
6,68.34210526
6,79.34361233
6,81.90647482
6,73.70860927
6,70.97368421
6,53.92670157
6,72.44078947
6,74.86699507
6,64.37869822
6,85.30645161
6,63.70503597
6,89.6
6,91.99358974
6,94.5786802
6,70.6474359
6,71.74576271
6,66.58015267
6,64
6,76.87709497
6,77.63358779
6,66.25984252
6,60.98181818
6,109.828125
6,83.96449704
6,65.97037037
6,80.28776978
6,67.4893617
6,60.08633094
6,76.13043478
6,72.30769231
6,72.93478261
6,82.95652174
6,82.99358974
6,71.26618705
6,65.25
6,70.31137725
6,71.73184358
6,84.68852459
6,88.79695431
6,77.15189873
6,77.20772947
6,60.61202186
6,101.9408284
6,69.72151899
6,62.88461538
6,70.34482759
6,61.84615385
6,82.54609929
6,71.06716418
6,69.5106383
6,62.216
6,74.24
6,80.90909091
6,63.78518519
6,81.34285714
6,66.92307692
6,64.46969697
6,68.25
6,66.421875
6,70.37086093
6,71.48837209
6,73.44615385
6,67.57142857
6,60.66666667
6,66.0979021
6,74.42068966
6,64.77777778
6,61.04651163
6,72.76515152
6,62.61783439
6,70.64444444
6,65.9057971
6,63.66197183
6,73.85611511
6,56.71641791
6,71.45753425
6,62.46616541
6,73.08955224
6,73.56097561
6,71.4137931
6,67.09090909
6,73.81818182
6,72
6,59.18181818
6,73.92857143
6,71.65714286
6,77.62589928
6,65.34013605
6,77.68032787
6,77.36842105
6,73.35211268
6,70.99236641
6,63.75438596
6,69.35779817
6,70.28571429
6,75.81578947
6,72.16901408
6,74.33628319
6,63.98496241
6,74.13846154
6,73.88461538
6,68.25862069
6,65.48672566
6,74.86956522
6,78.83076923
6,71.38053097
7,74.28726287
7,65.63636364
7,73.46086957
7,107.4642857
7,81.23076923
7,76.77707006
7,71.31034483
7,73.224
7,82.52631579
7,88.16149068
7,64.04320988
7,67.66666667
7,68.08163265
7,85.67938931
7,65.5859375
7,79.33802817
7,87.49342105
7,81.50920245
7,76.67532468
7,68.66949153
7,87.23076923
7,71.04316547
7,68.69565217
7,64.68292683
7,63.69230769
7,88.52093023
7,85.11564626
7,79.1409396
7,78.97435897
7,109.6
7,84.61538462
7,96.2
7,76.59731544
7,91.63636364
7,87.68421053
7,85.83006536
7,82.99319728
7,105.7777778
7,88.64285714
7,82.13333333
7,95.7721519
7,84.96045198
7,74.05464481
7,90.29801325
7,84.93181818
7,91.66666667
7,98.42702703
7,88.33027523
7,93.69230769
7,90.98591549
7,81.71428571
7,76.46268657
7,79.97311828
7,96.38167939
7,96.21818182
7,89.60126582
7,87.03947368
7,84.59770115
7,59.90797546
7,86.42679901
7,80.49006623
7,99.66216216
7,95.64792503
7,77.58947368
7,91.2987013
7,93.68852459
7,77.625
7,93.79069767
7,99.06976744
7,86.87943262
7,86.1878453
7,83.23699422
7,95.54867257
7,85.40689655
7,91.48514851
7,78.33333333
7,97.57575758
7,92.64298725
7,94.36363636
7,108.7030303
7,101.7777778
7,96.1
7,103.7045455
7,110.0377358
7,91.71428571
7,94.49019608
7,73.63636364
7,90.59798995
7,82.74556213
7,93.51724138
7,81.92222222
7,73.81208054
7,91.12149533
7,77.74342105
7,79.7593985
7,85.28181818
7,91.875
7,81.46590909
7,90.39800995
7,81.00578035
7,91.32272727
7,89.48051948
7,104.8920863
7,84.6375
7,83.94160584
7,95.14328808
7,78.69230769
7,96.44444444
7,86.35960591
7,95.41071429
7,85
7,89.9027027
7,82.52980132
7,93.15697674
7,92.76536313
7,84.37333333
7,93.28358209
7,91.08855292
7,79.81914894
7,86.83064516
7,86.29834254
7,96.37462236
7,78
7,77.69230769
7,78.1875
7,86.08510638
7,77.36452242
7,89.58709677
7,90.26219512
7,84.975
7,109.6263736
7,99.30871492
7,84.98823529
7,94.9625
7,90.33519553
7,91.1171875
7,74.88721805
7,62.86127168
7,82.60869565
7,95.75229358
7,86.72727273
7,80.25
7,85.50181159
7,78.87567568
7,96.88888889
7,89.375
7,89.91
7,89.2345679
7,107.2941176
7,92.64251208
7,84.05555556
7,77.92031873
7,81.74814815
7,89.62886598
7,79.27918782
7,73.65925926
7,81.225
7,74.94736842
7,62.22222222
7,64.63636364
7,63.19148936
7,68.39490446
7,95.26256983
7,74.472
7,76.11510791
7,101.4
7,83.16
7,77.62195122
7,87.79220779
7,82.72108844
7,86.20472441
7,74.19811321
7,75.25
7,88.88709677
7,94.67536232
7,89.79310345
7,76.01315789
7,86.99118943
7,89.35251799
7,82.13245033
7,75.55263158
7,65.96858639
7,81.4729064
7,72.4260355
7,90.16129032
7,68.69064748
7,93.6
7,96.87820513
7,102.8629442
7,78.19230769
7,76.66949153
7,72.69465649
7,72.66666667
7,84.06703911
7,83.81679389
7,72.28346457
7,69.32121212
7,116.7890625
7,91.12426036
7,82.87769784
7,71.36170213
7,70.72661871
7,81.60386473
7,76.52564103
7,84.89130435
7,87.65217391
7,89.16666667
7,73.70833333
7,80.17964072
7,78.90502793
7,93.42622951
7,94.83756345
7,82.51898734
7,82.2705314
7,65.7704918
7,110.5798817
7,74.88607595
7,73.26923077
7,80.68965517
7,86.92907801
7,76.38059701
7,75.25531915
7,67.144
7,80.04
7,85.26573427
7,69.05185185
7,72.69230769
7,68.39393939
7,71.90625
7,74.34375
7,74.86046512
7,73.71428571
7,73.33333333
7,80.56551724
7,72.11111111
7,66.86046512
7,80.49242424
7,75.91719745
7,80.08888889
7,72.68115942
7,72.67605634
7,80.11510791
7,65.2238806
7,74.78630137
7,80.52238806
7,73.09090909
7,79.53030303
7,65.54545455
7,77.78571429
7,69.96598639
7,78.08450704
7,66.52631579
7,77.06422018
7,77.31428571
7,80.34210526
7,79.85915493
7,70.10526316
7,80.42307692
8,70.81818182
8,79.5826087
8,121.125
8,76.62068966
8,86.94736842
8,74.66666667
8,69.578125
8,82.97183099
8,87.09202454
8,73.88489209
8,72.8173913
8,69.75609756
8,66.34615385
8,95.05116279
8,87.01006711
8,83.48717949
8,91.71597633
8,104
8,84.93959732
8,106.3636364
8,94.24880383
8,91.59477124
8,90.47619048
8,115.2222222
8,92.89285714
8,90.68888889
8,100.7088608
8,93.10734463
8,81.74863388
8,94.98013245
8,91.81818182
8,94.87179487
8,104.4378378
8,95.94495413
8,99.42857143
8,84.43809524
8,83.47761194
8,88.03763441
8,105.8396947
8,102.1090909
8,93.43037975
8,68.46625767
8,87.31125828
8,110.027027
8,104.9116466
8,89.28947368
8,96.46448087
8,83.25
8,102.0290698
8,108.8372093
8,91.74468085
8,91.16022099
8,88.09248555
8,106.0752212
8,90.04137931
8,99.10891089
8,86.72619048
8,100.3636364
8,99.89617486
8,98.90909091
8,107.1111111
8,100.2333333
8,113.3068182
8,117.6792453
8,100.0967742
8,99.87254902
8,76.36363636
8,95.09045226
8,88.18934911
8,100.9655172
8,90.33888889
8,80.12080537
8,97.42990654
8,84.38815789
8,87.42857143
8,89.30454545
8,97.42788462
8,92.81439394
8,94.97512438
8,85.21387283
8,97.37727273
8,95.67532468
8,111.6906475
8,96.43125
8,89.7810219
8,102.6546003
8,85.13076923
8,101.9555556
8,90.06403941
8,103.0714286
8,91.25
8,96.32432432
8,86.8410596
8,96.95930233
8,98.94972067
8,90.4
8,101.4925373
8,95.79265659
8,85.05319149
8,90.41129032
8,94.19889503
8,103.3232628
8,82
8,85.46153846
8,87.1875
8,90.42553191
8,85.14814815
8,95.74193548
8,97.15243902
8,92.05625
8,115.0604396
8,105.2880355
8,89.54117647
8,99.64375
8,99.13407821
8,97.078125
8,83.0075188
8,69.79768786
8,93.04347826
8,100.3119266
8,90.85714286
8,88.5
8,93.20289855
8,85.62162162
8,105.7777778
8,95.5625
8,96.015
8,92.44444444
8,110.0452489
8,96.3236715
8,85.50996016
8,96.86597938
8,83.32994924
8,78.22222222
8,88.35
8,79.63157895
8,70.31111111
8,69.25324675
8,68.29787234
8,79.40764331
8,101.0949721
8,79.344
8,80.08633094
8,109.3106383
8,88.704
8,82.25609756
8,94.54545455
8,83.01886792
8,77.63888889
8,94.20967742
8,103.4463768
8,100.9103448
8,82.28947368
8,91.77092511
8,101.7625899
8,84.94039735
8,81.27631579
8,74.86910995
8,88.07881773
8,76.44970414
8,94.32258065
8,97.6
8,101.7628205
8,108.3857868
8,91.22435897
8,80.18644068
8,75.41221374
8,84.66666667
8,86.27932961
8,78.97637795
8,76.61818182
8,123.75
8,95.0295858
8,88.92086331
8,75.10791367
8,87.57487923
8,78.93589744
8,88.47826087
8,93.91304348
8,93.28205128
8,81.5625
8,87.58083832
8,87.87150838
8,98.80327869
8,99.67005076
8,90.56962025
8,87.33333333
8,76.08743169
8,116.6272189
8,78.75949367
8,80.76923077
8,88.27586207
8,91.31205674
8,82.35820896
8,72.072
8,73.73333333
8,71.1969697
8,80.93023256
8,78.49206349
8,82.66666667
8,84.66206897
8,82.56687898
8,80.6884058
8,76.61971831
8,84.36363636
8,77
8,74.01360544
8,69.99122807
9,131.1428571
9,82.68965517
9,92.10526316
9,74.19512195
9,103.7581395
9,94.65436242
9,95.85798817
9,107.9
9,89.48993289
9,111.2727273
9,122.7777778
9,97.14285714
9,101.8111111
9,111.3227848
9,96.40909091
9,109.6972973
9,99.75229358
9,106.4395604
9,88.52380952
9,88.3880597
9,99.46236559
9,111.6946565
9,105.6835443
9,79.30674847
9,94.13245033
9,114.0135135
9,117.4176707
9,98.52631579
9,100.6284153
9,113.7209302
9,93.6416185
9,111.7433628
9,105.3465347
9,105.9393939
9,106.8196721
9,112
9,105.4
9,117.1477273
9,124.5566038
9,104.6568627
9,83.18181818
9,102.5778894
9,106.7586207
9,97.07222222
9,85.16778523
9,103.7383178
9,92.36184211
9,92.03007519
9,96.54545455
9,101.3257576
9,98.9800995
9,103.4318182
9,101.8701299
9,116.5467626
9,104.0625
9,107.6621418
9,107.4666667
9,107.9464286
9,98.75
9,102.1621622
9,89.9205298
9,101.3953488
9,103.0726257
9,97.18
9,108.9552239
9,92.90425532
9,97.57258065
9,101.4917127
9,120.2416918
9,93.23076923
9,93.375
9,95.4893617
9,89.86549708
9,100.5290323
9,102.6646341
9,97.85
9,120.021978
9,108.1477105
9,101.6823529
9,103.890625
9,92.93233083
9,100
9,106.8256881
9,97.74025974
9,101.1014493
9,90.29189189
9,111.1111111
9,101.75
9,102.12
9,98.86419753
9,114.1719457
9,100.6183575
9,94.61752988
9,103.5463918
9,89.69543147
9,84.74074074
9,96.1875
9,77.77777778
9,74.38311688
9,77.87234043
9,83.46496815
9,109.5195531
9,85.38129496
9,117.9404255
9,92.664
9,87.4695122
9,99.27272727
9,91.32075472
9,81.81944444
9,111.4434783
9,107.7517241
9,86.47368421
9,98.46255507
9,109.2086331
9,91.25827815
9,80.62827225
9,104.226601
9,104.7258065
9,103.2
9,107.4615385
9,115.2893401
9,98.08333333
9,80.16793893
9,88.66666667
9,90.15083799
9,129.9375
9,98.93491124
9,93.23741007
9,80.74100719
9,94.5410628
9,83.15384615
9,95.05434783
9,102.5217391
9,100.8269231
9,93.13173653
9,96.24022346
9,104.852459
9,103.2944162
9,95.26582278
9,96.82608696
9,85.1147541
9,120.9467456
9,81.98734177
9,92.4137931
9,94.23404255
9,88.75862069
9,78.63945578
9,73.45614035
10,141.1607143
10,111.0139535
10,104.0973154
10,113.1
10,106.9328859
10,118.6363636
10,127.5
10,102.6071429
10,109.5111111
10,115.7658228
10,117.2108108
10,105.0825688
10,96.6952381
10,110.8870968
10,118
10,112.5759494
10,124.1338688
10,106.5315789
10,111.0382514
10,101.9653179
10,119.840708
10,113.6633663
10,110.8181818
10,112.424408
10,119.3333333
10,112.6333333
10,125.7897727
10,132.1981132
10,108.8431373
10,90
10,109.3165829
10,111.7241379
10,112.1495327
10,104.5909091
10,104.1293532
10,127.2302158
10,114.9230769
10,112.9777778
10,107.1955307
10,101.7
10,117.1641791
10,100.7553191
10,104.733871
10,122.9607251
10,98.82846004
10,108.8658537
10,126.1648352
10,113.8670606
10,107.7529412
10,99.2481203
10,106.0869565
10,115.9449541
10,119.1111111
10,106.56
10,118.9864253
10,108.5942029
10,100.689243
10,103.0050761
10,102.6
10,88.69064748
10,122.2553191
10,97.54716981
10,122.2782609
10,111.1724138
10,95.53947368
10,104.1982379
10,97.57615894
10,111.5665025
10,110.2741935
10,113.1602564
10,119.4314721
10,96
10,93.46927374
10,136.8984375
10,103.4911243
10,101.0071942
10,97.02898551
10,88.57692308
10,103.423913
10,107.2173913
10,99.2994012
10,101.6201117
10,112.2459016
10,108.7309645
10,101.3037975
10,101.8888889
10,91.56284153
10,124.4023669
10,89.08860759
10,97.24137931
10,97.15602837
10,93.53793103
10,81.53061224
11,149.3571429
11,120.4465116
11,122.9832215
11,130.9090909
11,136
11,110.5
11,116.3555556
11,119.9620253
11,123.972973
11,110.412844
11,102.1428571
11,117.6075269
11,131.7764391
11,112.6894737
11,122.8360656
11,108.9017341
11,126.3185841
11,118.5148515
11,119.6775956
11,125.7777778
11,117.8
11,138.2727273
11,137.5471698
11,116.6176471
11,95
11,115.3065327
11,116.588785
11,114.2454545
11,108.7064677
11,129.8201439
11,122.6847662
11,119.4074074
11,111.3184358
11,106.22
11,122.3880597
11,108.606383
11,130.5135952
11,108.4990253
11,133.489011
11,122.7060561
11,113.0647059
11,112.7819549
11,114.3478261
11,122.4587156
11,125.3333333
11,123.800905
11,114.7294686
11,106.7609562
11,108.3
11,126.5702128
11,104.8113208
11,131.0492754
11,118.0137931
11,109.9339207
11,101.7880795
11,118.1724138
11,117.2096774
11,117.2307692
11,122.8832487
11,107.3964497
11,104.4604317
11,117.3913043
11,117.6229508
11,114.1675127
11,106.9516908
11,95.43169399
11,126.9940828
11,92.3164557
12,161.1964286
12,130.6046512
12,139.9090909
12,143.5555556
12,125.7666667
12,125.1455696
12,129.2324324
12,120.3119266
12,109.6333333
12,138.4926372
12,113.7572254
12,132.7964602
12,124.0594059
12,127.2604736
12,146.9147727
12,145.9528302
12,124.2914573
12,121.728972
12,119.8772727
12,131.7625899
12,132.199095
12,118.1899441
12,129.1044776
12,117.1117021
12,134.7432024
12,112.037037
12,145.3021978
12,133.1048744
12,118.3764706
12,121.9565217
12,127.6697248
12,135.1111111
12,128.6153846
12,119.6376812
12,113.3386454
12,135.9191489
12,138.0144928
12,118.5374449
12,125.5123153
12,123.4516129
12,123.7435897
12,126.3350254
12,111.3669065
12,122.8695652
12,112.647343
12,105.7486339
12,130.4497041
12,97.48101266
13,169.3928571
13,138.5860465
13,148.9090909
13,147.3333333
13,133.4666667
13,132.7974684
13,134.4918919
13,129.4495413
13,120.5285714
13,147.5247657
13,116.5317919
13,143.3230088
13,130.2970297
13,137.8105647
13,151.7159091
13,154.3584906
13,131.0301508
13,125.5090909
13,136.9562594
13,137.3134328
13,138.9728097
13,150.2637363
13,144.5435746
13,126.3043478
13,133.5321101
13,144.8888889
13,135.4932127
13,121.940239
13,143.1106383
13,144.9797101
13,124.2731278
13,135.0541872
13,131.1675127
13,128.3478261
13,117.0772947
13,114.1311475
13,134.7692308
14,173.9464286
14,150.1953488
14,155.4545455
14,142.0222222
14,135.7594937
14,140.8715596
14,127.3380952
14,155.8621151
14,152.2300885
14,148.3606557
14,158.4375
14,137.7688442
14,132.75
14,148.4736048
14,143.2835821
14,143.2024169
14,155.4615385
14,157.8020679
14,138.0917431
14,152
14,143.0588235
14,150.3021277
14,149.1072464
14,131.9207048
14,139.4581281
14,136.9565217
14,138.2248521
15,181.2321429
15,162
15,148.0111111
15,138.721519
15,154.5779817
15,135.5095238
15,167.9049531
15,157.0884956
15,158.9107468
15,163.2386364
15,143.0100503
15,139.9909091
15,158.2383107
15,145.9214502
15,159.2417582
15,165.3412112
15,161.7777778
15,156.0553191
15,153.7507246
15,136.7004405
15,144.5960591
15,147.9130435
16,187.6071429
16,148.5949367
16,161.1371681
16,169.1311475
16,146.4272727
16,162.494721
16,154.9848943
16,165.6208791
16,168.4608567
16,161.8085106
16,160.457971
16,141.4801762
16,152.6086957
17,193.9821429
17,153.2848101
17,167.6150442
17,177.3734062
17,163.3227273
17,157.7039275
17,167.7472527
17,171.5805022
17,166.1234043
17,164.5855072
17,149.1277533
17,158.8695652
18,200.3571429
18,172.4734513
18,161.6314199
18,171.0347826
18,156.7753304
19,178.9513274
19,165.2567976
19,161.5550661
20,168.5800604
20,165.3788546
21,171.2990937
21,169.2026432
22,173.4138973
22,174.938326
23,175.5287009
23,181.6299559
24,177.9456193
24,190.2334802
25,180.3625378
25,195.0132159
26,183.6858006
26,198.8370044
27,186.102719
27,202.660793
28,192.7492447
28,207.4405286
29,196.3746224
29,212.2202643
